{"cameraMode":{"drawMode":0,"name":"Shaded","section":"Shading Mode"},"sceneLighting":false,"audioPlay":false,"sceneViewState":{"m_AlwaysRefresh":false,"showFog":true,"showSkybox":false,"showFlares":true,"showImageEffects":true,"showParticleSystems":true,"showVisualEffectGraphs":true,"m_FxEnabled":true},"in2DMode":false,"pivot":{"x":-0.06892585754394531,"y":-1.0018343925476075,"z":0.028745174407958986},"rotation":{"x":-0.05165846273303032,"y":0.9420849084854126,"z":-0.1717323213815689,"w":-0.283388614654541},"size":6.033599853515625,"orthographic":false}